annee,trimestre,type_local,prix_m2_median,periode
2021,T1,Appartement,3521.16,2021-T1
2021,T1,Maison,1964.29,2021-T1
2021,T2,Appartement,3606.0,2021-T2
2021,T2,Maison,2013.41,2021-T2
2021,T3,Appartement,3780.49,2021-T3
2021,T3,Maison,2146.51,2021-T3
2021,T4,Appartement,4030.0,2021-T4
2021,T4,Maison,2120.0,2021-T4
2022,T1,Appartement,3703.49,2022-T1
2022,T1,Maison,2142.86,2022-T1
2022,T2,Appartement,3861.11,2022-T2
2022,T2,Maison,2200.0,2022-T2
2022,T3,Appartement,3852.46,2022-T3
2022,T3,Maison,2311.11,2022-T3
2022,T4,Appartement,4400.0,2022-T4
2022,T4,Maison,2269.23,2022-T4
2023,T1,Appartement,3801.65,2023-T1
2023,T1,Maison,2227.72,2023-T1
2023,T2,Appartement,3750.0,2023-T2
2023,T2,Maison,2216.67,2023-T2
2023,T3,Appartement,3666.67,2023-T3
2023,T3,Maison,2250.0,2023-T3
2023,T4,Appartement,4104.79,2023-T4
2023,T4,Maison,2132.35,2023-T4
2024,T1,Appartement,3725.0,2024-T1
2024,T1,Maison,2096.77,2024-T1
2024,T2,Appartement,3689.21,2024-T2
2024,T2,Maison,2110.0,2024-T2
2024,T3,Appartement,3684.21,2024-T3
2024,T3,Maison,2191.78,2024-T3
2024,T4,Appartement,3988.37,2024-T4
2024,T4,Maison,2140.21,2024-T4
2025,T1,Appartement,3614.67,2025-T1
2025,T1,Maison,2163.27,2025-T1
2025,T2,Appartement,3625.0,2025-T2
2025,T2,Maison,2214.36,2025-T2
2025,T3,Appartement,3703.92,2025-T3
2025,T3,Maison,2233.33,2025-T3
2025,T4,Appartement,4194.35,2025-T4
2025,T4,Maison,2205.5,2025-T4
