,code_departement,nb_ventes,prix_m2,type_local
0,01,4056,5957.54,Appartement
1,01,6450,6272.2,Maison
2,02,1432,4164.13,Appartement
3,02,6630,1564.45,Maison
4,03,2324,3962.15,Appartement
5,03,5105,1465.35,Maison
6,04,1973,3804.39,Appartement
7,04,2037,3658.57,Maison
8,05,2711,3956.59,Appartement
9,05,1187,3781.95,Maison
10,06,24344,23343.58,Appartement
11,06,5998,13136.51,Maison
12,07,1942,3124.93,Appartement
13,07,3884,2452.6,Maison
14,08,1180,2386.95,Appartement
15,08,2963,1411.41,Maison
16,09,737,6045.42,Appartement
17,09,2402,1684.82,Maison
18,10,1769,3283.77,Appartement
19,10,3054,1753.05,Maison
20,11,3050,4576.87,Appartement
21,11,6136,2392.68,Maison
22,12,1920,3102.87,Appartement
23,12,3370,1865.36,Maison
24,13,22106,8770.79,Appartement
25,13,10860,8369.74,Maison
26,14,5385,5073.82,Appartement
27,14,9758,3160.8,Maison
28,15,924,2346.89,Appartement
29,15,1903,1525.96,Maison
30,16,1091,21723.15,Appartement
31,16,6200,1905.64,Maison
32,17,3365,13273.29,Appartement
33,17,11304,3618.0,Maison
34,18,1178,3239.09,Appartement
35,18,5071,1680.58,Maison
36,19,1469,2583.77,Appartement
37,19,3713,1696.11,Maison
38,21,4629,6158.91,Appartement
39,21,4564,3630.33,Maison
40,22,2417,4512.15,Appartement
41,22,10304,2415.5,Maison
42,23,391,2987.49,Appartement
43,23,2388,1076.64,Maison
44,24,1506,22429.17,Appartement
45,24,8958,21224.95,Maison
46,25,5137,3830.16,Appartement
47,25,3840,2190.8,Maison
48,26,3850,7604.13,Appartement
49,26,5270,2766.22,Maison
50,27,1868,6613.49,Appartement
51,27,9590,2394.06,Maison
52,28,1606,4010.65,Appartement
53,28,5886,2131.49,Maison
54,29,5368,4438.35,Appartement
55,29,11114,2621.25,Maison
56,2A,1541,4649.14,Appartement
57,2A,1006,7891.87,Maison
58,2B,1711,3745.7,Appartement
59,2B,861,4126.37,Maison
60,30,6141,6407.89,Appartement
61,30,7985,2958.44,Maison
62,31,13774,83310.83,Appartement
63,31,11361,3776.02,Maison
64,32,678,3241.48,Appartement
65,32,3021,1953.63,Maison
66,33,12402,42078.56,Appartement
67,33,22982,5639.37,Maison
68,34,14538,4366.71,Appartement
69,34,10645,3732.9,Maison
70,35,6971,6015.46,Appartement
71,35,10657,2897.15,Maison
72,36,605,3987.65,Appartement
73,36,3799,1351.06,Maison
74,37,3552,11615.78,Appartement
75,37,7327,2588.04,Maison
76,38,9719,5548.34,Appartement
77,38,8041,3029.16,Maison
78,39,1876,3158.57,Appartement
79,39,2827,1912.19,Maison
80,40,2585,4620.35,Appartement
81,40,6229,3598.2,Maison
82,41,901,3635.56,Appartement
83,41,5215,2006.93,Maison
84,42,7492,4999.16,Appartement
85,42,6337,2265.66,Maison
86,43,1158,2478.87,Appartement
87,43,2549,1734.17,Maison
88,44,9526,6954.77,Appartement
89,44,15203,3659.94,Maison
90,45,3416,4862.1,Appartement
91,45,8254,2551.65,Maison
92,46,746,4148.91,Appartement
93,46,3234,2054.28,Maison
94,47,1386,3416.37,Appartement
95,47,5636,1806.34,Maison
96,48,407,2954.9,Appartement
97,48,851,1876.91,Maison
98,49,3708,9120.29,Appartement
99,49,9715,7714.48,Maison
100,50,1528,4154.89,Appartement
101,50,9370,2355.64,Maison
102,51,3564,6857.41,Appartement
103,51,4252,2476.59,Maison
104,52,516,3502.85,Appartement
105,52,2224,1208.39,Maison
106,53,1109,6112.94,Appartement
107,53,5098,1724.34,Maison
108,54,6054,4236.15,Appartement
109,54,6400,1983.37,Maison
110,55,792,3475.79,Appartement
111,55,2444,1332.52,Maison
112,56,4085,6845.07,Appartement
113,56,11106,3174.36,Maison
114,58,1141,2106.02,Appartement
115,58,3622,1284.55,Maison
116,59,12629,8344.85,Appartement
117,59,27409,2552.26,Maison
118,60,3076,7865.62,Appartement
119,60,8542,2597.86,Maison
120,61,747,3913.92,Appartement
121,61,4923,1719.64,Maison
122,62,4139,5140.15,Appartement
123,62,15879,2107.37,Maison
124,63,5015,4782.69,Appartement
125,63,7470,2059.65,Maison
126,64,6988,6059.31,Appartement
127,64,5852,4022.25,Maison
128,65,2701,4881.27,Appartement
129,65,2579,1941.09,Maison
130,66,6995,503491.78,Appartement
131,66,6707,170272.74,Maison
132,69,20353,8432.06,Appartement
133,69,7931,4095.28,Maison
134,70,1147,15116.89,Appartement
135,70,3080,1430.39,Maison
136,71,3236,3368.59,Appartement
137,71,7072,2425.9,Maison
138,72,2068,3665.32,Appartement
139,72,8681,1783.06,Maison
140,73,7209,12428.05,Appartement
141,73,3036,5055.0,Maison
142,74,11556,7534.33,Appartement
143,74,4881,6368.01,Maison
144,75,36461,64580.68,Appartement
145,75,189,23797.48,Maison
146,76,9087,13266.8,Appartement
147,76,14238,2791.13,Maison
148,77,8502,30152.35,Appartement
149,77,12548,4222.29,Maison
150,78,10659,16019.5,Appartement
151,78,8810,5552.27,Maison
152,79,1001,36133.46,Appartement
153,79,6497,11249.62,Maison
154,80,2089,5601.18,Appartement
155,80,7406,1983.62,Maison
156,81,1116,3178.03,Appartement
157,81,4561,1878.13,Maison
158,82,1143,5201.82,Appartement
159,82,3815,2240.45,Maison
160,83,16466,6985.01,Appartement
161,83,13721,7835.87,Maison
162,84,4159,18195.91,Appartement
163,84,6003,6013.55,Maison
164,85,2518,6423.33,Appartement
165,85,12217,2837.43,Maison
166,86,1895,7135.31,Appartement
167,86,6116,1923.92,Maison
168,87,2828,20445.01,Appartement
169,87,5294,1751.2,Maison
170,88,2620,3680.3,Appartement
171,88,4308,2320.71,Maison
172,89,6296,71706.92,Appartement
173,89,5659,12431.99,Maison
174,90,1447,3208.4,Appartement
175,90,939,1947.78,Maison
176,91,8263,17589.53,Appartement
177,91,8016,4128.28,Maison
178,92,20165,50108.0,Appartement
179,92,2606,14646.02,Maison
180,93,17230,166106.25,Appartement
181,93,4212,14502.98,Maison
182,94,13339,22884.88,Appartement
183,94,3651,7879.75,Maison
184,95,7872,66428.11,Appartement
185,95,6634,4947.95,Maison
186,971,1479,11112.78,Appartement
187,971,1415,3788.63,Maison
188,972,1438,21652.01,Appartement
189,972,983,3259.16,Maison
190,973,788,14784.38,Appartement
191,973,1434,27239.44,Maison
192,974,2621,8415.59,Appartement
193,974,3419,4849.9,Maison
